cost_center_mapped,actual_amount,transaction_count
CC1000,4209860.350709999,128
CC1100,3789189.8282299973,122
CC1200,4090879.9329299997,128
CC2000,3788843.523170001,117
CC2100,3742423.97883,125
CC3000,3286967.74894,108
CC3100,4527052.803290003,142
CC3200,4310178.956169999,145
CC4000,4065164.2285800003,122
CC4100,3378732.501559999,129
