metric,value
Total Actual,42280357.39080003
Total Budget,2363500.0
Variance,39916857.39080003
Variance %,1688.8875562005512
Suspense Amount,834162.8134900001
Future Dated Amount,3732336.9853500007
Transaction Count,1370.0
Exception Count,800.0
