source_system,amount_aud,transaction_id
Workday,9649179.037849998,302
Manual Entry,9583135.23454,283
SAP,8629827.341160003,282
API Import,7590008.80613,260
Oracle,6828206.971120001,255
