currency_code,amount,amount_aud,transaction_id
AUD,7595112.62,7595112.620000001,341
EUR,354820.6,0.0,12
GBP,7570863.65,14801038.435750002,348
NZD,7487281.4,6978146.264800003,335
USD,8462990.21,12906060.07025,346
