cost_center_mapped,amount_aud,transaction_id
CC3100,4527052.803290003,142
CC3200,4310178.956169999,148
CC1000,4209860.350709999,131
CC1200,4090879.9329299997,129
CC4000,4065164.2285800003,122
CC1100,3789189.8282299973,122
CC2000,3788843.523170001,120
CC2100,3742423.97883,125
CC4100,3378732.501559999,130
CC3000,3286967.74894,109
